q,FDelta1n,FDelta1p,FDelta3n,FDelta3p,FDelta5n,FDelta5p,FM0n,FM0p,FM2n,FM2p,FM4n,FM4p,FPhipp0n,FPhipp0p,FPhipp2n,FPhipp2p,FPhipp4n,FPhipp4p,FSigmap1n,FSigmap1p,FSigmap3n,FSigmap3p,FSigmap5n,FSigmap5p,FSigmapp1n,FSigmapp1p,FSigmapp3n,FSigmapp3p,FSigmapp5n,FSigmapp5p
0,-0.148157553945,-0.583747717616,0.0,0.0,0.0,0.0,14.000000025971,12.999999985508,0.0,0.0,0.0,0.0,-1.839413755385,-1.549115788625,-0.317532180708,0.344391518804,0.0,0.0,0.04836967752,0.361799818908,0.0,0.0,0.0,0.0,0.034202525874,0.255831108282,0.0,0.0,0.0,0.0
15,-0.147315028077,-0.580212053007,5.6046116e-05,0.00043883065,0.0,0.0,13.886632903423,12.895728258276,0.015432450557,0.018666214635,-5.195768e-06,-6.774316e-06,-1.828669741845,-1.539774798753,-0.317629029584,0.341213231841,0.000345019907,-0.001039516038,0.048413410287,0.357767181271,-8.4747137e-05,-0.0007336257,1.09577e-07,3.563472e-06,0.033474837297,0.25444589681,-7.2456301e-05,-0.000636185366,1.11388e-07,3.238871e-06
30,-0.144814069567,-0.569725476928,0.000221558198,0.001734046351,-1.35235e-07,1.55034e-07,13.551304588494,12.587239192758,0.060588992997,0.073299330061,-8.1938114e-05,-0.000106650577,-1.796785366026,-1.512066307752,-0.3178749045,0.331806561506,0.001364189799,-0.004106959683,0.048518915992,0.34588659192,-0.000338575746,-0.00289931218,2.571438e-06,5.6187936e-05,0.031329122151,0.250341827493,-0.000278478492,-0.002524252636,2.30353e-06,5.1280865e-05
45,-0.140733279938,-0.552642420717,0.000488789255,0.003823109976,-9.63409e-07,1.023175e-06,13.008072233686,12.087291923802,0.132144295848,0.159918661367,-0.000405783749,-0.000529570394,-1.744789323506,-1.466925150838,-0.318139546202,0.31654714663,0.003010742434,-0.009052092105,0.04861275252,0.326792458443,-0.000760011283,-0.00639300983,1.3306575e-05,0.000278317776,0.02787496328,0.243669054484,-0.000585232303,-0.005602871973,1.1509086e-05,0.000254010949
60,-0.135199194696,-0.529531666587,0.000845315423,0.006605921226,-3.215746e-06,3.013513e-06,12.27933004003,11.416198928719,0.224869926394,0.27226446398,-0.001243587363,-0.001628754252,-1.674333095703,-1.405851558226,-0.318217859603,0.296035952076,0.005209677027,-0.015634606118,0.048583967915,0.301483617102,-0.001345890929,-0.011046576957,4.157014e-05,0.000853438611,0.023287014444,0.234665225998,-0.000941893514,-0.00977042927,3.466215e-05,0.000778676469
75,-0.128380236061,-0.501145261606,0.001274721173,0.009950724335,-7.534232e-06,6.850935e-06,11.394334875777,10.600571007509,0.332071838735,0.402320522529,-0.00291824065,-0.003838998202,-1.587607964598,-1.330826409053,-0.317847084039,0.271063611898,0.007861954426,-0.023538500127,0.048299422585,0.27124323329,-0.002090258702,-0.016635620288,9.9086291e-05,0.002004146522,0.01779373616,0.22363796898,-0.001285047783,-0.014886353949,7.8487022e-05,0.001828034025
90,-0.120478370837,-0.468378388635,0.001757505234,0.0137017619,-1.4814553e-05,1.2952018e-05,10.387376075638,9.671633213758,0.446140359548,0.54097171794,-0.005765386266,-0.007623584428,-1.487234658145,-1.244207860007,-0.316728446584,0.242564813324,0.010849912734,-0.032390801559,0.047622051107,0.237539615427,-0.002983240134,-0.022890530129,0.000199465219,0.003962986432,0.011662742926,0.210943582481,-0.001545396622,-0.020773849904,0.000148249576,0.003613450841
105,-0.111719735454,-0.432223508374,0.0022721497,0.017688207031,-2.5889293e-05,2.1479582e-05,9.295708893364,8.663409005084,0.559159458705,0.678732420991,-0.010087283792,-0.013415300391,-1.376132597375,-1.148609700168,-0.314551931353,0.21156635737,0.014043549511,-0.041783307577,0.046429523174,0.201917858468,-0.004009886495,-0.029510405316,0.000356735545,0.006941232174,0.00518413986,0.19696458285,-0.001655064313,-0.027224402056,0.000245480172,0.006326349927
120,-0.102344259756,-0.393721788924,0.002796268914,0.02173364865,-4.1271926e-05,3.2124891e-05,8.157391812364,7.610753089495,0.663517387014,0.806477034565,-0.016109260298,-0.021557609349,-1.257384822031,-1.046771968757,-0.311021562679,0.179132460892,0.017307234083,-0.051295769273,0.044630467979,0.165894400046,-0.005149304717,-0.036179286288,0.000584059807,0.011099361991,-0.001347033225,0.182088063083,-0.00155471511,-0.034004543505,0.000366875291,0.010111215179
135,-0.092595183536,-0.353914574,0.003307789044,0.025665582947,-6.1218015e-05,4.4080441e-05,7.009269868453,6.547513172995,0.752463731617,0.916106472361,-0.023943745412,-0.032252477142,-1.134104182567,-0.941435895377,-0.305879943133,0.146312228969,0.020506405053,-0.060519026131,0.042176809992,0.130862937527,-0.006374224505,-0.042583614317,0.000892234,0.016522599876,-0.007647979183,0.166687440935,-0.001199761189,-0.040864702628,0.000503766905,0.015043337427
150,-0.082709129174,-0.313800064538,0.003786060993,0.029324211059,-8.5683357e-05,5.6035804e-05,5.885203833103,5.504942301989,0.820566184188,1.001093949478,-0.03356594233,-0.045520810471,-1.0093003459,-0.835226104114,-0.298928892951,0.114090809508,0.023513853755,-0.069076388789,0.039070305813,0.098019540837,-0.007651157073,-0.048430163673,0.001288793502,0.023204331457,-0.013463673832,0.151107515734,-0.000565041948,-0.047550138203,0.000642587603,0.021113822861
165,-0.072907082939,-0.274294247708,0.004212853119,0.032570017817,-0.000114214855,6.6257379e-05,4.814597499851,4.510321259404,0.864032037884,1.056867725258,-0.044803616512,-0.061180326662,-0.885769683189,-0.730551467985,-0.290046373475,0.083349033449,0.026215277849,-0.07664176987,0.035363195825,0.068310780006,-0.008941244225,-0.053462386679,0.001776476488,0.031039005059,-0.018579537726,0.135654979106,0.000352442137,-0.05381302887,0.000766174246,0.028223315792
180,-0.063387001717,-0.236201472132,0.004573150152,0.035289674747,-0.000146031853,7.272941e-05,3.821461709867,3.586063136096,0.880875738727,1.081009306329,-0.057342042183,-0.078843846194,-0.766004037567,-0.629526904759,-0.279196362662,0.054831635138,0.028513816599,-0.082953615247,0.031153316132,0.042407618366,-0.010201730297,-0.057474057934,0.002352530298,0.039825183845,-0.022830880921,0.120592398969,0.001532943378,-0.059424501293,0.000855718023,0.036185127608
195,-0.054318028851,-0.200192934922,0.004855732666,0.03739999105,-0.000180066565,7.3339009e-05,2.923789259902,2.749121968081,0.870930470824,1.073263456268,-0.070743182606,-0.097938534015,-0.652122310988,-0.533918673521,-0.266433319007,0.029126634363,0.030333453732,-0.087824226119,0.026574608261,0.020701221805,-0.011388032363,-0.060319228265,0.003008148877,0.049278002212,-0.026108277859,0.106136558234,0.002935500196,-0.064186675451,0.000893132491,0.04473690024
210,-0.045836892959,-0.166794759907,0.00505348774,0.038849755587,-0.000215045944,6.6085238e-05,2.133466039511,2.01086549488,0.835714267704,1.03537459848,-0.084476608399,-0.117743889047,-0.545827916266,-0.44511311008,-0.25189964617,0.006654288605,0.031621037982,-0.091143002481,0.021784815657,0.003320107754,-0.012456165376,-0.06191752785,0.003728386098,0.059049495986,-0.028359058393,0.092458756159,0.004501327253,-0.067941654017,0.00086346354,0.053559504731
225,-0.038046074925,-0.13638487052,0.005163461874,0.039619575563,-0.000249590134,4.9286263e-05,1.456500544704,1.377225968114,0.7781783909,0.970782261523,-0.097958956761,-0.137444484364,-0.448390455826,-0.364109199953,-0.235817339424,-0.012333649173,0.032347230139,-0.09287566539,0.016951827605,-0.009837797337,-0.013365367628,-0.062254276353,0.004492540069,0.068754202571,-0.029584936655,0.079687491151,0.006158633019,-0.07057916109,0.000756993622,0.062300639467
240,-0.031014049776,-0.109197269858,0.005186660043,0.039719913148,-0.000282339092,2.1763147e-05,0.893554137296,0.84918770611,0.702368532743,0.884215805892,-0.110597501246,-0.156191589013,-0.36065171931,-0.291531884079,-0.218474784729,-0.027745859571,0.032506090833,-0.093057999066,0.012240442839,-0.019062754197,-0.014080616505,-0.061376240782,0.005275035306,0.077997291786,-0.029836512984,0.067911655481,0.007828398146,-0.072039946712,0.000570740025,0.070600722526
255,-0.024777098492,-0.085333310659,0.00512763877,0.039187578701,-0.00031194021,-1.701085e-05,0.440781821488,0.423478297144,0.61303915017,0.781234386459,-0.121833299992,-0.173166345139,-0.283049708288,-0.22766089185,-0.200209864775,-0.039636022233,0.03211377424,-0.091786768581,0.007800783056,-0.024785343971,-0.01457483021,-0.059383478964,0.006046770392,0.086402201503,-0.029205240426,0.057184515208,0.009430349823,-0.072316418698,0.000309168329,0.078118244075
270,-0.019342073274,-0.064776895087,0.004993914989,0.038081153954,-0.000337359824,-6.6826187e-05,0.090661827843,0.093376538178,0.515257156872,0.667759540491,-0.131180337086,-0.187638519708,-0.215657710886,-0.172471088296,-0.181390677093,-0.048182448917,0.031206232883,-0.08920769741,0.003759281258,-0.027527819689,-0.014830523902,-0.056418487354,0.006776834333,0.093635422115,-0.027813695881,0.047527920738,0.010888845646,-0.071449782565,-1.599105e-05,0.084552389844
285,-0.01469117017,-0.047413702936,0.004795279331,0.03647577423,-0.000357736349,-0.000126698267,-0.166981352819,-0.15038072154,0.414030772138,0.549638475771,-0.138256832438,-0.199015171465,-0.158236217238,-0.125682182154,-0.16239566981,-0.053663533292,0.029836183571,-0.085502385212,0.000212693018,-0.027858127925,-0.014840797836,-0.052653661186,0.007434477436,0.099426335897,-0.025805169508,0.038936503193,0.012137941819,-0.069524305687,-0.000386763862,0.089660815037
300,-0.010785845897,-0.033051392667,0.004543039951,0.034457646801,-0.000372463704,-0.000194905397,-0.344051211539,-0.318733939966,0.313988890178,0.432273125074,-0.142806699853,-0.206874940914,-0.110289598701,-0.086811041719,-0.143594674037,-0.056431355795,0.028069678221,-0.080874811513,-0.002774813544,-0.026349307895,-0.014609570488,-0.048278326868,0.007991183809,0.103580724307,-0.023333275067,0.031382106876,0.013125375073,-0.066659951428,-0.000780664099,0.093271892271
315,-0.007572029054,-0.021440219506,0.004249276776,0.032118731572,-0.000381323456,-0.000269081375,-0.453295018836,-0.423470269464,0.21913212767,0.320333599024,-0.144709961747,-0.210986307659,-0.07112620535,-0.05522439908,-0.125331768929,-0.056885662923,0.025982259599,-0.075538702672,-0.005171779758,-0.023546077992,-0.014150996417,-0.043487072215,0.008422629174,0.105987756155,-0.020552357343,0.024818236224,0.013815239043,-0.06300287803,-0.00117289196,0.095290654496
330,-0.004984814739,-0.012292651926,0.003926162668,0.029551863149,-0.000384329559,-0.00034635721,-0.507547027683,-0.47650470847,0.132663597598,0.217567256741,-0.143982325665,-0.211310267093,-0.039917235511,-0.030189011555,-0.107911092633,-0.055448502774,0.023655066045,-0.069706139312,-0.00697725341,-0.019939414589,-0.013488361523,-0.038468790246,0.008710414068,0.106620286664,-0.017609216005,0.019184441274,0.014189248096,-0.058716159865,-0.001538727398,0.095699104502
345,-0.002952862391,-0.005301156171,0.003585360534,0.026846564295,-0.000381772593,-0.000423548874,-0.519099363462,-0.489286468379,0.056902315856,0.12670385681,-0.140764668521,-0.207987846425,-0.015751437218,-0.010916885385,-0.091586252741,-0.05254181539,0.021170941764,-0.063578380088,-0.00821685878,-0.015949478801,-0.012652260609,-0.033398145112,0.008843252313,0.105530249849,-0.014636534653,0.014410578912,0.014246573837,-0.053970189282,-0.001855834964,0.094550588044
360,-0.001402319034,-0.000153599826,0.003237544953,0.024085630405,-0.000374155406,-0.000497368819,-0.499232798707,-0.472345010835,-0.006727633716,0.049447393481,-0.135304620018,-0.201317089008,0.002316043199,0.003395410631,-0.076553654319,-0.048568376719,0.018610870003,-0.057338626857,-0.008937723191,-0.011916458089,-0.01167853407,-0.028429076922,0.008817738463,0.102838362934,-0.011748140128,0.01042064101,0.014002544482,-0.048934026147,-0.002106215312,0.091961207468
375,-0.000260046831,0.003454113835,0.002892065139,0.021342613535,-0.000362136035,-0.000564642723,-0.457886671115,-0.434975251672,-0.057643834455,-0.013459522441,-0.127932571228,-0.191721142206,0.015222476111,0.013534815339,-0.062949676882,-0.043896744228,0.016050734231,-0.051146982605,-0.009202862948,-0.008098328243,-0.010605997127,-0.023690482209,0.008638368976,0.098721954661,-0.009036131475,0.007136114036,0.013486277922,-0.043767822642,-0.002277602023,0.088097313671
390,0.00054378632,0.005808238457,0.002556734718,0.018680165246,-0.000346471582,-0.00062252175,-0.403480855404,-0.385060160228,-0.09600261235,-0.062116600096,-0.11903447096,-0.179712720296,0.023864512642,0.020245968524,-0.050851395302,-0.03885052584,0.013558612461,-0.045137707786,-0.0090854574,-0.004674529686,-0.009474151222,-0.019283917542,0.008317015915,0.093399845789,-0.006569742742,0.004478626017,0.012737632157,-0.038616799292,-0.002364188378,0.083162169974
405,0.00107381003,0.007170150311,0.00223774751,0.01614910995,-0.000327956895,-0.000668659227,-0.342843262365,-0.329006992442,-0.122563609931,-0.097311446832,-0.109024170127,-0.165856902915,0.029073570482,0.024213469288,-0.040280482662,-0.033701921914,0.011192701427,-0.039418032889,-0.008663442087,-0.001753954862,-0.0083211161,-0.015283091586,0.007871815292,0.087117642867,-0.004395692554,0.002371947732,0.011803794704,-0.03360684265,-0.002366648501,0.077381815694
420,0.001388181545,0.007771867156,0.001939693207,0.013788302347,-0.000307376917,-0.000701353882,-0.281256264831,-0.271774861166,-0.138537504908,-0.120347563491,-0.098317364742,-0.150735812505,0.031598588846,0.026049628744,-0.031209372858,-0.028669105571,0.008999909249,-0.034068588194,-0.0080146818,0.000614189059,-0.007181833796,-0.011734871882,0.007325649322,0.080132276452,-0.00253974353,0.000743327871,0.010735715988,-0.028841671972,-0.002291523682,0.070991468349
435,0.001537872098,0.007813797224,0.001665661728,0.011625016277,-0.000285466349,-0.000719632745,-0.222560548892,-0.216987095521,-0.145432003455,-0.132871365894,-0.087309006957,-0.134916921165,0.032097011404,0.026287839529,-0.023569371221,-0.023917077746,0.007015118218,-0.029144993418,-0.007212946343,0.00242809561,-0.006086672486,-0.008661489884,0.006704360676,0.072699257839,-0.00100915345,-0.000475671724,0.00958476466,-0.024401631049,-0.002150092237,0.06422349664
450,0.001566425286,0.007464367346,0.001417403574,0.009675798028,-0.000262880855,-0.000723281437,-0.16932841195,-0.167079478422,-0.144907509371,-0.136710526621,-0.076355157187,-0.118926739434,0.031130513385,0.025381074871,-0.017259565088,-0.019561113067,0.005261150214,-0.024680305457,-0.006324797113,0.003720910803,-0.005060474501,-0.006063629011,0.006034897603,0.065060699171,0.000204296589,-0.001348707175,0.008399747888,-0.020343795871,-0.001956890877,0.057296861789
465,0.001510088588,0.006861135206,0.0011955303,0.007947671326,-0.000240179545,-0.000712811868,-0.123060008565,-0.123489962033,-0.138650733677,-0.13373281387,-0.06575995556,-0.103230487258,0.029166572032,0.023703827469,-0.012156089188,-0.015672296378,0.003749306998,-0.020687956381,-0.005407412753,0.004549157452,-0.004122045524,-0.0039241026,0.005343556738,0.05743607441,0.001120991662,-0.001934403742,0.007224503701,-0.016703256797,-0.00172813189,0.050408935661
480,0.001398229754,0.006112994385,0.000999723416,0.006439539377,-0.000217818989,-0.000689384574,-0.084392180327,-0.086854659525,-0.128273097914,-0.125731798358,-0.055767963251,-0.088218059401,0.026583440549,0.021557023259,-0.008121023354,-0.01228414017,0.00248044808,-0.017165065459,-0.00450737133,0.004982643439,-0.003284063032,-0.002211837756,0.004654473485,0.050015512087,0.001770130007,-0.002286208255,0.00609615161,-0.013495266426,-0.001480141468,0.043729559293
495,0.00125394819,0.005303129977,0.000828943939,0.005143698206,-0.000196155174,-0.000654685284,-0.053307434965,-0.057195008259,-0.11523408978,-0.114340909252,-0.046561270353,-0.074196178128,0.023677909067,0.019174972883,-0.005010531623,-0.009399872054,0.001446444381,-0.014095710435,-0.003660264216,0.005096274232,-0.002553350638,-0.000885877945,0.003988467077,0.04295547318,0.002186547863,-0.002452280893,0.005044030497,-0.010718038394,-0.00122803641,0.037397422992
510,0.001094811983,0.004492371969,0.000681643989,0.00404738478,-0.00017545134,-0.000610779832,-0.029320923517,-0.034098329971,-0.100791719438,-0.100976767703,-0.038260955317,-0.06138665687,0.020674646235,0.016733420082,-0.002681763236,-0.006999602605,0.000631907818,-0.011454159957,-0.002891047548,0.004963858958,-0.001931447882,0.000100822331,0.003362283169,0.036376840451,0.002407852976,-0.002475394767,0.004089306971,-0.00835587486,-0.000984714225,0.031518575979
525,0.00093364395,0.003722785249,0.0005559351,0.003134230909,-0.000155890662,-0.000559953078,-0.011654664201,-0.016870276042,-0.085976143333,-0.086808487252,-0.0309316939,-0.049929298489,0.017736368767,0.014358258364,-0.000998475229,-0.005047095349,1.6042551e-05,-0.009207843481,-0.002214966058,0.004653779857,-0.001415392268,0.000798012693,0.002788257984,0.030365149831,0.00247199968,-0.002392885632,0.003245169728,-0.006382400546,-0.000760220095,0.026166857184
540,0.000779321025,0.003021047024,0.000449702439,0.002385611742,-0.000137589392,-0.000504554924,0.000632584371,-0.004664271884,-0.071583891191,-0.072749939352,-0.024589016277,-0.039889135739,0.014974084594,0.012134129812,0.00016486265,-0.003495766415,-0.000425511087,-0.00731993144,-0.001638880471,0.004226314948,-0.000998622622,0.00125530336,0.002274348006,0.024972595235,0.002415334903,-0.002236656444,0.002517508326,-0.004763727644,-0.000561492858,0.021385886546
555,0.00063754523,0.002401837523,0.000360827768,0.001781817256,-0.000120611669,-0.000446858204,0.008529361837,0.003418707354,-0.058188275045,-0.059469902533,-0.019207888998,-0.03126637291,0.01245699012,0.010112659385,0.000920328121,-0.002293685774,-0.000718937862,-0.005751600925,-0.001162829125,0.003732261846,-0.000671909329,0.001519917064,0.001824466836,0.020221432628,0.002271149659,-0.002033305302,0.001905936549,-0.003461361191,-0.00039244305,0.01719230086
570,0.000511511346,0.001870671634,0.000287155588,0.001303041457,-0.000104966612,-0.00038894289,0.012994460532,0.008254973806,-0.046161375132,-0.047415440084,-0.014731939671,-0.024008423273,0.010221520437,0.00831990601,0.001365090309,-0.00138760849,-0.000890712678,-0.004463819975,-0.000781663523,0.003212562737,-0.000424458576,0.001635078418,0.001439036407,0.016108305301,0.002068709133,-0.00180436228,0.001405035798,-0.002434718359,-0.000254288151,0.013579798063
585,0.000402569295,0.001426500632,0.000226647461,0.000930148332,-9.0687996e-05,-0.000332609736,0.014901566537,0.010647885307,-0.035703403029,-0.036843497788,-0.011082581327,-0.018022499871,0.008279440285,0.006762918749,0.001581037319,-0.000725990239,-0.00096632599,-0.003418760841,-0.00048663522,0.002698650914,-0.000244432569,0.001639010638,0.001115669714,0.012609099691,0.001832720131,-0.001566670147,0.001005656867,-0.001643246873,-0.000146053704,0.010523575636
600,0.000310657496,0.001063843972,0.000177410098,0.000645255184,-7.7728292e-05,-0.000279325085,0.015007873563,0.011297045286,-0.026875713755,-0.02785678868,-0.008167452753,-0.013188125839,0.006624753868,0.0054353002,0.001635257472,-0.000261120274,-0.000969301599,-0.002580799438,-0.000266823473,0.002213257187,-0.000120023018,0.001564409878,0.000849898506,0.009683947386,0.001583171228,-0.001332866506,0.000696217834,-0.001048057596,-6.5150947e-05,0.007984966032
615,0.000234927507,0.000774502935,0.000137701257,0.000432124534,-6.604173e-05,-0.000230186016,0.013939926707,0.010784531248,-0.019634187083,-0.020440054632,-0.005887801458,-0.009368570556,0.005239497927,0.004321743215,0.001581145817,4.9576758e-05,-0.000920513387,-0.001917202818,-0.000110348035,0.00177150516,-3.9906287e-05,0.001438368113,0.000635874545,0.007282034255,0.00133547107,-0.001111933522,0.000463868324,-0.000613131984,-7.972504e-06,0.005915773033
630,0.000173833867,0.000548926665,0.000105971009,0.000276382579,-5.5586973e-05,-0.000185973321,0.012192884928,0.009573635466,-0.013860592818,-0.014494243553,-0.004144581064,-0.006420774686,0.004098376547,0.003401669853,0.001459909345,0.000242896453,-0.000837785303,-0.001398506782,-5.328267e-06,0.001382118289,6.303678e-06,0.001282597405,0.000467003258,0.005345977756,0.001100810491,-0.000909783778,0.000295481095,-0.000306096816,2.9592453e-05,0.00426227931
645,0.000125645994,0.00037717839,8.08474e-05,0.00016561363,-4.6304744e-05,-0.000147075269,0.010139643736,0.008015368293,-0.009390390948,-0.009866687098,-0.002843137841,-0.004203456076,0.003172386584,0.00265193672,0.001302316587,0.000349672334,-0.000735743921,-0.000998690308,5.9413757e-05,0.001048694176,2.7744504e-05,0.001113872984,0.000336468916,0.003815599587,0.000886668839,-0.000729837385,0.000178427162,-9.8653743e-05,5.1721579e-05,0.0029686442
660,8.8404373e-05,0.000249655012,6.1147948e-05,8.9333227e-05,-3.812659e-05,-0.000113627005,0.008045110159,0.006361996341,-0.006035876222,-0.006376218755,-0.001896577092,-0.002583203646,0.002431490431,0.002048872303,0.001130397181,0.000395012632,-0.000625876865,-0.000695145017,9.3890366e-05,0.000770909443,3.2150284e-05,0.000944610618,0.000237659338,0.002631030713,0.00069740535,-0.000573560811,0.000101147146,3.3296887e-05,6.2332368e-05,0.001979714287
675,6.0309911e-05,0.000157535911,4.5865147e-05,3.8889194e-05,-3.1010429e-05,-8.5510572e-05,0.006084096231,0.004782203935,-0.003604363374,-0.003832902654,-0.001227862246,-0.001438703718,0.001846528147,0.001569648183,0.000959205242,0.000398787532,-0.000516751768,-0.000468526696,0.00010668953,0.000545629268,2.5805858e-05,0.000783502684,0.000164411498,0.001735072879,0.000534881913,-0.000440930711,5.3505487e-05,0.000109752365,6.4873057e-05,0.001243142951
690,3.9624682e-05,9.3034533e-05,3.4094259e-05,7.289401e-06,-2.4920501e-05,-6.242797e-05,0.004359422503,0.003377894823,-0.001911489454,-0.00205248373,-0.00077084582,-0.000663245904,0.001390458786,0.001193173835,0.000798355475,0.000376230859,-0.000414345428,-0.000302532428,0.000104888077,0.000367877343,1.3607478e-05,0.000636167251,0.000111292807,0.001074910407,0.000399004774,-0.000330878688,2.6968501e-05,0.000146887261,6.2207026e-05,0.000710897056
705,2.4810757e-05,4.9516805e-05,2.5190328e-05,-1.0969449e-05,-1.962111e-05,-4.390985e-05,0.00291925548,0.002199930083,-0.000790070028,-0.000866122383,-0.00047044665,-0.000165811675,0.001039085477,0.000900597784,0.000653330705,0.000338654617,-0.000322432736,-0.000183613284,9.4086651e-05,0.000231706482,-8.22918e-07,0.000505767902,7.3601626e-05,0.000603193118,0.0002883715,-0.000241601002,1.463424e-05,0.000157430269,5.6581266e-05,0.000340206285
720,1.4554992e-05,2.1498049e-05,1.8424087e-05,-2.0137895e-05,-1.5195624e-05,-2.9457015e-05,0.001772694004,0.001262402458,-9.5150009e-05,-0.000126094412,-0.00028215797,0.000128967368,0.000771380775,0.000675516132,0.000526652225,0.000294133426,-0.00024300913,-0.000100666465,7.8532165e-05,0.000130599176,-1.4976967e-05,0.000393582389,4.7450021e-05,0.000278602616,0.000200637798,-0.000170854628,1.1150691e-05,0.000151108544,4.9637078e-05,9.4024229e-05
735,7.645552e-06,4.560867e-06,1.3405656e-05,-2.3384812e-05,-1.1531487e-05,-1.8427112e-05,0.000902834511,0.00055476319,0.000293980922,0.000291682901,-0.000171109712,0.000281683232,0.000569531056,0.000503986956,0.00041885522,0.00024818491,-0.000176687379,-4.4727271e-05,6.129058e-05,5.852824e-05,-2.7275352e-05,0.000299514441,2.9696047e-05,6.5990384e-05,0.000132974395,-0.00011617939,1.2565423e-05,0.000135115215,4.2554463e-05,-5.8909624e-05
750,3.382341e-06,-4.714108e-06,9.708752e-06,-2.3030373e-05,-8.551688e-06,-1.0435965e-05,0.000277300552,5.152741e-05,0.000474046836,0.000487515796,-0.000110856108,0.000339566184,0.000418774203,0.000374394186,0.000329067821,0.000204318901,-0.000123110404,-8.657886e-06,4.4444387e-05,9.466132e-06,-3.6848098e-05,0.000222513143,1.7903137e-05,-6.3804156e-05,8.2330589e-05,-7.5065151e-05,1.6076103e-05,0.000114562879,3.5970575e-05,-0.000144270969
765,6.29978e-07,-8.959993e-06,6.906583e-06,-2.0684508e-05,-6.153954e-06,-4.739511e-06,-0.000143722197,-0.000280209069,0.000519620579,0.00053944274,-8.204755e-05,0.000338227229,0.000307124444,0.000277240528,0.000255657641,0.000164622789,-8.1226727e-05,1.3128108e-05,2.9280391e-05,-2.1740942e-05,-4.338737e-05,0.000160936549,1.0185155e-05,-0.000134359747,4.5692918e-05,-4.5100088e-05,1.9924468e-05,9.2910976e-05,3.0311932e-05,-0.000182575692
780,-6.98251e-07,-1.0031214e-05,4.943632e-06,-1.7457795e-05,-4.250727e-06,-9.56719e-07,-0.000401706715,-0.00047540248,0.000485876624,0.000505758521,-7.1096828e-05,0.000303506794,0.000225028151,0.000205312406,0.000196637794,0.000130061408,-4.9574375e-05,2.4940003e-05,1.64989e-05,-3.9572982e-05,-4.697889e-05,0.000112831956,5.245344e-06,-0.000164319393,2.0299852e-05,-2.4039687e-05,2.3046389e-05,7.2344362e-05,2.5645502e-05,-0.0001898059
795,-1.330979e-06,-9.322111e-06,3.613319e-06,-1.4024325e-05,-2.799112e-06,1.40651e-06,-0.000535916458,-0.000567448248,0.000411801625,0.000428051511,-6.8928448e-05,0.000253333217,0.000164999072,0.000151302814,0.000149883917,0.000100891049,-2.6589144e-05,3.0019613e-05,6.343573e-06,-4.7759354e-05,-4.7974762e-05,7.6142778e-05,2.07415e-06,-0.00016786409,3.570898e-06,-9.906215e-06,2.4935185e-05,5.4097974e-05,2.1941749e-05,-0.000177974615
810,-1.418564e-06,-7.688128e-06,2.640296e-06,-1.0812525e-05,-1.685753e-06,2.728135e-06,-0.000581093533,-0.000585999801,0.000323363039,0.000334372243,-6.9868106e-05,0.000199428337,0.000121271641,0.000111764884,0.000113330544,7.6959795e-05,-1.0613648e-05,3.0769494e-05,-1.256762e-06,-4.9308555e-05,-4.6810287e-05,4.887135e-05,1.14201e-07,-0.000155601637,-6.655028e-06,-9.63059e-07,2.5480962e-05,3.8743652e-05,1.9079135e-05,-0.000155815912
825,-1.393475e-06,-5.872676e-06,1.941167e-06,-8.013695e-06,-8.76931e-07,3.395012e-06,-0.000566329546,-0.000555891639,0.000236700632,0.000242263514,-7.0698251e-05,0.000148853357,8.9266273e-05,8.2657702e-05,8.5077891e-05,5.7764347e-05,-1.58457e-07,2.8942483e-05,-6.462281e-06,-4.6646041e-05,-4.4006672e-05,2.9166549e-05,-1.145383e-06,-0.000135079366,-1.2113263e-05,4.19229e-06,2.4803955e-05,2.6380341e-05,1.6837641e-05,-0.000129372469
840,-1.100153e-06,-4.020863e-06,1.357908e-06,-5.730719e-06,-2.39246e-07,3.38839e-06,-0.000514795873,-0.000496852715,0.000160698177,0.000161482834,-6.9879342e-05,0.00010528219,6.6318256e-05,6.1235734e-05,6.3538117e-05,4.2642066e-05,6.145725e-06,2.5724576e-05,-9.729726e-06,-4.1481082e-05,-4.0101891e-05,1.5397234e-05,-1.943146e-06,-0.000111472534,-1.4360917e-05,6.721005e-06,2.3188718e-05,1.6831166e-05,1.5056998e-05,-0.000102648001
855,-7.80551e-07,-2.356443e-06,1.09048e-06,-3.917708e-06,1.38013e-07,3.195448e-06,-0.000444047188,-0.00042374995,9.9146095e-05,9.6321318e-05,-6.6964816e-05,7.013028e-05,4.9409905e-05,4.5445088e-05,4.7174725e-05,3.1144638e-05,9.404256e-06,2.1913223e-05,-1.144333e-05,-3.5076432e-05,-3.5535063e-05,6.155046e-06,-2.440171e-06,-8.8093692e-05,-1.4474879e-05,7.52804e-06,2.0832585e-05,9.754705e-06,1.3604242e-05,-7.8034962e-05
870,-5.24367e-07,-1.113978e-06,8.07381e-07,-2.592962e-06,2.31053e-07,2.827048e-06,-0.000366670839,-0.000347148766,5.2689354e-05,4.7485917e-05,-6.2134302e-05,4.333313e-05,3.6947886e-05,3.3766012e-05,3.4853804e-05,2.2470567e-05,1.0679598e-05,1.8127804e-05,-1.1825069e-05,-2.8490171e-05,-3.0698898e-05,2.82305e-07,-2.734916e-06,-6.6887149e-05,-1.3312109e-05,7.229579e-06,1.8092077e-05,4.742823e-06,1.2350613e-05,-5.6807935e-05
885,-3.49325e-07,-3.08786e-07,5.95988e-07,-1.572074e-06,3.14648e-07,2.368341e-06,-0.000291104699,-0.000274028773,1.9923979e-05,1.3537819e-05,-5.5881022e-05,2.4000846e-05,2.7789402e-05,2.5087534e-05,2.5751547e-05,1.5941015e-05,1.0535113e-05,1.4569368e-05,-1.1346665e-05,-2.2238697e-05,-2.5885401e-05,-3.162862e-06,-2.864876e-06,-4.8815086e-05,-1.1496296e-05,6.392694e-06,1.5281271e-05,1.386757e-06,1.1197534e-05,-3.9380514e-05
900,-2.18446e-07,3.08879e-07,5.34368e-07,-9.31006e-07,3.87108e-07,1.904158e-06,-0.000222493509,-0.000208536527,-1.347538e-06,-7.991136e-06,-4.8801923e-05,1.0873205e-05,2.0916978e-05,1.8604346e-05,1.8915061e-05,1.1240263e-05,9.6132e-06,1.1484375e-05,-1.0416731e-05,-1.6659654e-05,-2.134427e-05,-4.948524e-06,-2.936468e-06,-3.4170761e-05,-9.467498e-06,5.273052e-06,1.2500569e-05,-7.33053e-07,1.0087316e-05,-2.5681661e-05
915,-1.41006e-07,6.66284e-07,4.82643e-07,-4.50307e-07,3.64462e-07,1.348666e-06,-0.000163501081,-0.000152697395,-1.3590633e-05,-1.9935521e-05,-4.1433918e-05,2.561388e-06,1.573561e-05,1.3736505e-05,1.3897117e-05,7.980883e-06,8.271695e-06,8.781928e-06,-9.089665e-06,-1.1958224e-05,-1.7112813e-05,-5.583064e-06,-2.896112e-06,-2.2748855e-05,-7.501296e-06,4.120149e-06,9.940315e-06,-1.918742e-06,9.006968e-06,-1.5548786e-05
930,-3.0691e-08,9.49883e-07,4.77081e-07,-1.58412e-07,4.27475e-07,1.008551e-06,-0.000115024532,-0.000107041144,-1.9367077e-05,-2.4989481e-05,-3.439033e-05,-2.190262e-06,1.1798013e-05,1.0067817e-05,1.0194459e-05,5.580649e-06,6.800487e-06,6.664013e-06,-7.650879e-06,-8.157004e-06,-1.3678742e-05,-5.541356e-06,-2.723186e-06,-1.4375969e-05,-5.599337e-06,3.013953e-06,7.669421e-06,-2.464687e-06,7.962821e-06,-8.233046e-06
945,1.3674e-08,9.75598e-07,3.76772e-07,9.4165e-08,4.0676e-07,7.64095e-07,-7.6787569e-05,-7.1118233e-05,-2.0742455e-05,-2.5518753e-05,-2.7752942e-05,-4.455857e-06,8.788909e-06,7.298923e-06,7.615522e-06,3.917638e-06,5.495342e-06,4.95658e-06,-6.216656e-06,-5.199554e-06,-1.0438595e-05,-5.083765e-06,-2.568688e-06,-8.382066e-06,-4.16524e-06,2.182383e-06,5.731952e-06,-2.519322e-06,6.926745e-06,-3.223993e-06
960,2.7795e-08,9.02264e-07,3.29634e-07,1.74301e-07,3.34946e-07,4.57625e-07,-4.7807472e-05,-4.3904231e-05,-1.9535122e-05,-2.3397487e-05,-2.1867682e-05,-5.121223e-06,6.483848e-06,5.21272e-06,5.518601e-06,2.839365e-06,4.30656e-06,3.66391e-06,-4.923575e-06,-3.027844e-06,-7.882099e-06,-4.419816e-06,-2.435608e-06,-4.350001e-06,-2.879654e-06,1.556194e-06,4.046926e-06,-2.469927e-06,5.964276e-06,-1.34564e-07
975,1.27679e-07,8.59191e-07,2.85787e-07,1.71794e-07,1.46785e-07,3.37396e-07,-2.6744026e-05,-2.4098119e-05,-1.6838953e-05,0.0,-1.6884819e-05,-4.867822e-06,4.720455e-06,3.649826e-06,4.048277e-06,2.117533e-06,3.252759e-06,2.597008e-06,-3.657613e-06,-1.472614e-06,-5.825836e-06,-3.674875e-06,-2.125114e-06,-1.790636e-06,-2.031382e-06,9.57028e-07,2.926765e-06,-2.154816e-06,5.073562e-06,1.671591e-06
990,1.64613e-07,7.65477e-07,2.34644e-07,2.96315e-07,1.05164e-07,1.14829e-07,-1.2144599e-05,-1.0329913e-05,-1.3599304e-05,0.0,-1.2779525e-05,-4.119101e-06,3.378761e-06,2.490664e-06,3.016639e-06,1.574906e-06,2.330069e-06,1.844173e-06,-2.820633e-06,-4.71573e-07,-4.143294e-06,-3.018842e-06,-1.916314e-06,-3.14818e-07,-1.392571e-06,5.48892e-07,2.076752e-06,-1.811128e-06,4.117892e-06,2.530162e-06
1005,1.23884e-07,6.66386e-07,1.07468e-07,2.14102e-07,1.05963e-07,1.05141e-07,-2.604671e-06,-1.294372e-06,-1.0370707e-05,0.0,-9.4574e-06,-3.213785e-06,2.36759e-06,1.643691e-06,2.15937e-06,1.137089e-06,1.703386e-06,1.270496e-06,-2.181793e-06,1.0199e-07,-2.834505e-06,-2.393032e-06,-1.669502e-06,5.38226e-07,-8.63652e-07,3.25225e-07,1.300581e-06,-1.463586e-06,3.586042e-06,2.757788e-06
1020,4.1406e-08,6.03871e-07,2.5153e-08,2.44618e-07,2.2149e-08,7.3887e-08,3.136961e-06,4.172275e-06,-7.422473e-06,0.0,-6.870167e-06,-2.349402e-06,1.615818e-06,1.037284e-06,1.569029e-06,9.38063e-07,1.128187e-06,1.024484e-06,-1.618892e-06,4.82965e-07,-1.955376e-06,-1.814626e-06,-1.474287e-06,7.60742e-07,-4.59783e-07,1.23011e-07,8.8903e-07,-1.145398e-06,2.826206e-06,2.609668e-06
1035,2.1586e-08,4.99823e-07,-1.096e-09,3.71591e-07,9.18e-10,-2.16e-10,6.151728e-06,7.056728e-06,-5.118003e-06,0.0,-4.877323e-06,-1.601928e-06,1.094591e-06,6.14545e-07,1.385068e-06,7.26541e-07,7.73418e-07,7.34683e-07,-1.01335e-06,6.72545e-07,-1.328062e-06,-1.501549e-06,-1.250979e-06,8.12367e-07,-1.60925e-07,-1.3134e-08,4.30096e-07,-7.56253e-07,2.16521e-06,2.33131e-06
1050,5.9508e-08,4.17574e-07,-1.058e-09,3.28746e-07,-3.6e-11,-6.1e-11,7.308295e-06,8.160764e-06,-3.21688e-06,0.0,-3.396966e-06,-9.88441e-07,7.01757e-07,3.29928e-07,9.83618e-07,7.71452e-07,6.36134e-07,5.37421e-07,-7.26717e-07,5.35464e-07,-8.63089e-07,-1.160288e-06,-9.45603e-07,5.38041e-07,5.7089e-08,-5.8161e-08,1.71743e-07,-6.57348e-07,1.658087e-06,1.855141e-06
